i	k	A	R0	R1	R2	R3	R4	R5	R6	R7	R8	D2	D3	D4	D5	D6	F6			
0	0	I	I	X	X	X	X	X	X	X	X	I	X	X	X	X	X			
0	1	I	"0,1"	X	X	X	X	X	X	X	X	I	I	X	X	X	X			
0	2	I	"0,2"	X	X	X	X	X	X	X	X	I	I	I	X	X	X			
0	3	I	"0,3"	X	X	X	X	X	X	X	X	I	I	I	I	X	X			
0	4	I	"0,4"	X	X	X	X	X	X	X	X	I	I	I	I	I	X			
0	5	I	"0,5"	X	X	X	X	X	X	X	X	I	I	I	I	I	I			
0	6	I	"0,6"	X	X	X	X	X	X	X	X	I	I	I	I	I	I			
0	7	I	"0,7"	X	X	X	X	X	X	X	X	I	I	I	I	I	I			
0	8	I	"0,8"	X	X	X	X	X	X	X	X	I	I	I	I	I	I			
0	9	I	"0,9"	X	X	X	X	X	X	X	X	I	I	I	I	I	I			
0	10	I	"0,10"	X	X	X	X	X	X	X	X	I	I	I	I	I	I			
0	11	I	"0,11"	X	X	X	X	X	X	X	X	I	I	I	I	I	I			
0	12	I	"0,12"	X	X	X	X	X	X	X	X	I	I	I	I	I	I			
0	13	I	"0,13"	X	X	X	X	X	X	X	X	I	I	I	I	I	I			
0	14	I	"0,14"	X	X	X	X	X	X	X	X	I	I	I	I	I	I			
0	15	I	"0,15"	X	X	X	X	X	X	X	X	I	I	I	I	I	I			
0	16	I	"0,16"	X	X	X	X	X	X	X	X	I	I	I	I	I	I			
1	0	"1,0"	I	"0,1"	X	X	X	X	X	X	X	I	I	I	I	I	I			
1	1	"1,0"	I	"0,2"	"1,1"	X	X	X	X	X	X	"1,1"	I	I	I	I	I			
1	2	"1,0"	I	"0,3"	"1,2"	"1,1"	X	X	X	X	X	"1,2"	"1,1"	I	I	I	I			
1	3	"1,0"	I	"0,4"	"1,3"	"1,2"	"1,1"	X	X	X	X	"1,3"	"1,2"	"1,1"	I	I	I			
1	4	"1,0"	I	"0,5"	"1,4"	"1,3"	"1,2"	"1,1"	X	X	X	"1,4"	"1,3"	"1,2"	"1,1"	I	I			
1	5	"1,0"	I	"0,6"	"1,5"	"1,4"	"1,3"	"1,2"	"1,1"	X	X	"1,5"	"1,4"	"1,3"	"1,2"	"1,1"	"1,4"			
1	6	"1,0"	I	"0,7"	"1,6"	"1,5"	"1,4"	"1,3"	"1,2"	"1,6"	X	"1,6"	"1,5"	"1,4"	"1,3"	"1,2"	"1,4"			
1	7	"1,0"	I	"0,8"	"1,7"	"1,6"	"1,5"	"1,4"	"1,3"	"1,8"	"1,6"	"1,7"	"1,6"	"1,5"	"1,4"	"1,3"	"1,4"			
1	8	"1,0"	"1,6"	"0,9"	"1,8"	"1,7"	"1,6"	"1,5"	"1,4"	"1,10"	"1,8"	"1,8"	"1,7"	"1,6"	"1,5"	"1,4"	"1,4"			
1	9	"1,0"	"1,8"	"0,10"	"1,9"	"1,8"	"1,7"	"1,6"	"1,5"	"1,12"	"1,10"	"1,9"	"1,8"	"1,7"	"1,6"	"1,5"	"1,8"			
1	10	"1,0"	"1,10"	"0,11"	"1,10"	"1,9"	"1,8"	"1,7"	"1,6"	"1,18"	"1,12"	"1,10"	"1,9"	"1,8"	"1,7"	"1,6"	"1,8"			
1	11	"1,0"	"1,12"	"0,12"	"1,11"	"1,10"	"1,9"	"1,8"	"1,7"	"1,20"	"1,18"	"1,11"	"1,10"	"1,9"	"1,8"	"1,7"	"1,8"			
1	12	"1,0"	"1,18"	"0,13"	"1,12"	"1,11"	"1,10"	"1,9"	"1,8"	"1,22"	"1,20"	"1,12"	"1,11"	"1,10"	"1,9"	"1,8"	"1,8"			
1	13	"1,0"	"1,20"	"0,14"	"1,13"	"1,12"	"1,11"	"1,10"	"1,9"	"1,24"	"1,22"	"1,13"	"1,12"	"1,11"	"1,10"	"1,9"	"1,12"			
1	14	"1,0"	"1,22"	"0,15"	"1,14"	"1,13"	"1,12"	"1,11"	"1,10"	"1,30"	"1,24"	"1,14"	"1,13"	"1,12"	"1,11"	"1,10"	"1,12"			
1	15	"1,0"	"1,24"	"0,16"	"1,15"	"1,14"	"1,13"	"1,12"	"1,11"	"1,32"	"1,30"	"1,15"	"1,14"	"1,13"	"1,12"	"1,11"	"1,12"			
1	16	"1,0"	"1,30"	I	"1,16"	"1,15"	"1,14"	"1,13"	"1,12"	"1,34"	"1,32"	"1,16"	"1,15"	"1,14"	"1,13"	"1,12"	"1,12"			
2	0	"2,0"	"1,32"	"1,6"	I	"1,16"	"1,15"	"1,14"	"1,13"	"1,36"	"1,34"	I	"1,16"	"1,15"	"1,14"	"1,13"	"1,16"			
2	1	"2,0"	"1,34"	"1,8"	"3,6"	I	"1,16"	"1,15"	"1,14"	"1,42"	"1,36"	"2,1"	I	"1,16"	"1,15"	"1,14"	"1,16"			
2	2	"2,0"	"1,36"	"1,10"	"3,8"	"3,6"	I	"1,16"	"1,15"	"1,44"	"1,42"	"2,2"	"2,1"	I	"1,16"	"1,15"	"1,16"			
2	3	"2,0"	"1,42"	"1,12"	"3,10"	"3,8"	"3,6"	I	"1,16"	"1,46"	"1,44"	"2,3"	"2,2"	"2,1"	I	"1,16"	"1,16"			
2	4	"2,0"	"1,44"	"1,18"	"3,12"	"3,10"	"3,8"	"3,6"	I	"1,48"	"1,46"	"2,4"	"2,3"	"2,2"	"2,1"	I	I			
2	5	"2,0"	"1,46"	"1,20"	"3,18"	"3,12"	"3,10"	"3,8"	"3,6"	I	"1,48"	"2,5"	"2,4"	"2,3"	"2,2"	"2,1"	"2,4"			
2	6	"2,0"	"1,48"	"1,22"	"3,20"	"3,18"	"3,12"	"3,10"	"3,8"	"3,11"	I	"2,6"	"2,5"	"2,4"	"2,3"	"2,2"	"2,4"			
2	7	"2,0"	I	"1,24"	"3,22"	"3,20"	"3,18"	"3,12"	"3,10"	"3,14"	"3,11"	"2,7"	"2,6"	"2,5"	"2,4"	"2,3"	"2,4"			
2	8	"2,0"	"3,11"	"1,30"	"3,24"	"3,22"	"3,20"	"3,18"	"3,12"	"3,17"	"3,14"	"2,8"	"2,7"	"2,6"	"2,5"	"2,4"	"2,4"			
2	9	"2,0"	"3,14"	"1,32"	"3,30"	"3,24"	"3,22"	"3,20"	"3,18"	"3,20"	"3,17"	"2,9"	"2,8"	"2,7"	"2,6"	"2,5"	"2,8"			
2	10	"2,0"	"3,17"	"1,34"	"3,32"	"3,30"	"3,24"	"3,22"	"3,20"	"3,31"	"3,20"	"2,10"	"2,9"	"2,8"	"2,7"	"2,6"	"2,8"			
2	11	"2,0"	"3,20"	"1,36"	"3,34"	"3,32"	"3,30"	"3,24"	"3,22"	"3,34"	"3,31"	"2,11"	"2,10"	"2,9"	"2,8"	"2,7"	"2,8"			
2	12	"2,0"	"3,31"	"1,42"	"3,36"	"3,34"	"3,32"	"3,30"	"3,24"	"3,37"	"3,34"	"2,12"	"2,11"	"2,10"	"2,9"	"2,8"	"2,8"			
2	13	"2,0"	"3,34"	"1,44"	"3,42"	"3,36"	"3,34"	"3,32"	"3,30"	"3,40"	"3,37"	"2,13"	"2,12"	"2,11"	"2,10"	"2,9"	"2,12"			
2	14	"2,0"	"3,37"	"1,46"	"3,44"	"3,42"	"3,36"	"3,34"	"3,32"	"3,51"	"3,40"	"2,14"	"2,13"	"2,12"	"2,11"	"2,10"	"2,12"			
2	15	"2,0"	"3,40"	"1,48"	"3,46"	"3,44"	"3,42"	"3,36"	"3,34"	"3,54"	"3,51"	"2,15"	"2,14"	"2,13"	"2,12"	"2,11"	"2,12"			
2	16	"2,0"	"3,51"	I	"3,48"	"3,46"	"3,44"	"3,42"	"3,36"	"3,57"	"3,54"	"2,16"	"2,15"	"2,14"	"2,13"	"2,12"	"2,12"			
3	0	"3,0"	"3,54"	"3,11"	I	"3,48"	"3,46"	"3,44"	"3,42"	"3,60"	"3,57"	I	"2,16"	"2,15"	"2,14"	"2,13"	"2,16"			
3	1	"3,0"	"3,57"	"3,14"	"6,11"	I	"3,48"	"3,46"	"3,44"	"3,71"	"3,60"	"3,1"	I	"2,16"	"2,15"	"2,14"	"2,16"			
3	2	"3,0"	"3,60"	"3,17"	"6,14"	"6,11"	I	"3,48"	"3,46"	"3,74"	"3,71"	"3,2"	"3,1"	I	"2,16"	"2,15"	"2,16"			
3	3	"3,0"	"3,71"	"3,20"	"6,17"	"6,14"	"6,11"	I	"3,48"	"3,77"	"3,74"	"3,3"	"3,2"	"3,1"	I	"2,16"	"2,16"			
3	4	"3,0"	"3,74"	"3,31"	"6,20"	"6,17"	"6,14"	"6,11"	I	"3,80"	"3,77"	"3,4"	"3,3"	"3,2"	"3,1"	I	I			
3	5	"3,0"	"3,77"	"3,34"	"6,31"	"6,20"	"6,17"	"6,14"	"6,11"	I	"3,80"	"3,5"	"3,4"	"3,3"	"3,2"	"3,1"	"3,4"			
3	6	"3,0"	"3,80"	"3,37"	"6,34"	"6,31"	"6,20"	"6,17"	"6,14"	"6,16"	I	"3,6"	"3,5"	"3,4"	"3,3"	"3,2"	"3,4"			
3	7	"3,0"	I	"3,40"	"6,37"	"6,34"	"6,31"	"6,20"	"6,17"	"6,20"	"6,16"	"3,7"	"3,6"	"3,5"	"3,4"	"3,3"	"3,4"			
3	8	"3,0"	"6,16"	"3,51"	"6,40"	"6,37"	"6,34"	"6,31"	"6,20"	"6,24"	"6,20"	"3,8"	"3,7"	"3,6"	"3,5"	"3,4"	"3,4"			
3	9	"3,0"	"6,20"	"3,54"	"6,51"	"6,40"	"6,37"	"6,34"	"6,31"	"6,28"	"6,24"	"3,9"	"3,8"	"3,7"	"3,6"	"3,5"	"3,8"			
3	10	"3,0"	"6,24"	"3,57"	"6,54"	"6,51"	"6,40"	"6,37"	"6,34"	"6,44"	"6,28"	"3,10"	"3,9"	"3,8"	"3,7"	"3,6"	"3,8"			
3	11	"3,0"	"6,28"	"3,60"	"6,57"	"6,54"	"6,51"	"6,40"	"6,37"	"6,48"	"6,44"	"3,11"	"3,10"	"3,9"	"3,8"	"3,7"	"3,8"			
3	12	"3,0"	"6,44"	"3,71"	"6,60"	"6,57"	"6,54"	"6,51"	"6,40"	"6,52"	"6,48"	"3,12"	"3,11"	"3,10"	"3,9"	"3,8"	"3,8"			
3	13	"3,0"	"6,48"	"3,74"	"6,71"	"6,60"	"6,57"	"6,54"	"6,51"	"6,56"	"6,52"	"3,13"	"3,12"	"3,11"	"3,10"	"3,9"	"3,12"			
3	14	"3,0"	"6,52"	"3,77"	"6,74"	"6,71"	"6,60"	"6,57"	"6,54"	"6,72"	"6,56"	"3,14"	"3,13"	"3,12"	"3,11"	"3,10"	"3,12"			
3	15	"3,0"	"6,56"	"3,80"	"6,77"	"6,74"	"6,71"	"6,60"	"6,57"	"6,76"	"6,72"	"3,15"	"3,14"	"3,13"	"3,12"	"3,11"	"3,12"			
3	16	"3,0"	"6,72"	I	"6,80"	"6,77"	"6,74"	"6,71"	"6,60"	"6,80"	"6,76"	"3,16"	"3,15"	"3,14"	"3,13"	"3,12"	"3,12"			
4	0	"4,0"	"6,76"	"6,16"	I	"6,80"	"6,77"	"6,74"	"6,71"	"6,84"	"6,80"	I	"3,16"	"3,15"	"3,14"	"3,13"	"3,16"			
4	1	"4,0"	"6,80"	"6,20"	"10,16"	I	"6,80"	"6,77"	"6,74"	"6,100"	"6,84"	"4,1"	I	"3,16"	"3,15"	"3,14"	"3,16"			
4	2	"4,0"	"6,84"	"6,24"	"10,20"	"10,16"	I	"6,80"	"6,77"	"6,104"	"6,100"	"4,2"	"4,1"	I	"3,16"	"3,15"	"3,16"			
4	3	"4,0"	"6,100"	"6,28"	"10,24"	"10,20"	"10,16"	I	"6,80"	"6,108"	"6,104"	"4,3"	"4,2"	"4,1"	I	"3,16"	"3,16"			
4	4	"4,0"	"6,104"	"6,44"	"10,28"	"10,24"	"10,20"	"10,16"	I	"6,112"	"6,108"	"4,4"	"4,3"	"4,2"	"4,1"	I	I			
4	5	"4,0"	"6,108"	"6,48"	"10,44"	"10,28"	"10,24"	"10,20"	"10,16"	I	"6,112"	"4,5"	"4,4"	"4,3"	"4,2"	"4,1"	"4,4"			
4	6	"4,0"	"6,112"	"6,52"	"10,48"	"10,44"	"10,28"	"10,24"	"10,20"	"10,21"	I	"4,6"	"4,5"	"4,4"	"4,3"	"4,2"	"4,4"			
4	7	"4,0"	I	"6,56"	"10,52"	"10,48"	"10,44"	"10,28"	"10,24"	"10,26"	"10,21"	"4,7"	"4,6"	"4,5"	"4,4"	"4,3"	"4,4"			
4	8	"4,0"	"10,21"	"6,72"	"10,56"	"10,52"	"10,48"	"10,44"	"10,28"	"10,31"	"10,26"	"4,8"	"4,7"	"4,6"	"4,5"	"4,4"	"4,4"			
4	9	"4,0"	"10,26"	"6,76"	"10,72"	"10,56"	"10,52"	"10,48"	"10,44"	"10,36"	"10,31"	"4,9"	"4,8"	"4,7"	"4,6"	"4,5"	"4,8"			
4	10	"4,0"	"10,31"	"6,80"	"10,76"	"10,72"	"10,56"	"10,52"	"10,48"	"10,57"	"10,36"	"4,10"	"4,9"	"4,8"	"4,7"	"4,6"	"4,8"			
4	11	"4,0"	"10,36"	"6,84"	"10,80"	"10,76"	"10,72"	"10,56"	"10,52"	"10,62"	"10,57"	"4,11"	"4,10"	"4,9"	"4,8"	"4,7"	"4,8"			
4	12	"4,0"	"10,57"	"6,100"	"10,84"	"10,80"	"10,76"	"10,72"	"10,56"	"10,67"	"10,62"	"4,12"	"4,11"	"4,10"	"4,9"	"4,8"	"4,8"			
4	13	"4,0"	"10,62"	"6,104"	"10,100"	"10,84"	"10,80"	"10,76"	"10,72"	"10,72"	"10,67"	"4,13"	"4,12"	"4,11"	"4,10"	"4,9"	"4,12"			
4	14	"4,0"	"10,67"	"6,108"	"10,104"	"10,100"	"10,84"	"10,80"	"10,76"	"10,93"	"10,72"	"4,14"	"4,13"	"4,12"	"4,11"	"4,10"	"4,12"			
4	15	"4,0"	"10,72"	"6,112"	"10,108"	"10,104"	"10,100"	"10,84"	"10,80"	"10,98"	"10,93"	"4,15"	"4,14"	"4,13"	"4,12"	"4,11"	"4,12"			
4	16	"4,0"	"10,93"	I	"10,112"	"10,108"	"10,104"	"10,100"	"10,84"	"10,103"	"10,98"	"4,16"	"4,15"	"4,14"	"4,13"	"4,12"	"4,12"			
5	0	"5,0"	"10,98"	"10,21"	I	"10,112"	"10,108"	"10,104"	"10,100"	"10,108"	"10,103"	I	"4,16"	"4,15"	"4,14"	"4,13"	"4,16"			
5	1	"5,0"	"10,103"	"10,26"	"15,21"	I	"10,112"	"10,108"	"10,104"	"10,129"	"10,108"	"5,1"	I	"4,16"	"4,15"	"4,14"	"4,16"			
5	2	"5,0"	"10,108"	"10,31"	"15,26"	"15,21"	I	"10,112"	"10,108"	"10,134"	"10,129"	"5,2"	"5,1"	I	"4,16"	"4,15"	"4,16"			
5	3	"5,0"	"10,129"	"10,36"	"15,31"	"15,26"	"15,21"	I	"10,112"	"10,139"	"10,134"	"5,3"	"5,2"	"5,1"	I	"4,16"	"4,16"			
5	4	"5,0"	"10,134"	"10,57"	"15,36"	"15,31"	"15,26"	"15,21"	I	"10,144"	"10,139"	"5,4"	"5,3"	"5,2"	"5,1"	I	I			
5	5	"5,0"	"10,139"	"10,62"	"15,57"	"15,36"	"15,31"	"15,26"	"15,21"	I	"10,144"	"5,5"	"5,4"	"5,3"	"5,2"	"5,1"	"5,4"			
5	6	"5,0"	"10,144"	"10,67"	"15,62"	"15,57"	"15,36"	"15,31"	"15,26"	"15,26"	I	"5,6"	"5,5"	"5,4"	"5,3"	"5,2"	"5,4"			
5	7	"5,0"	I	"10,72"	"15,67"	"15,62"	"15,57"	"15,36"	"15,31"	"15,32"	"15,26"	"5,7"	"5,6"	"5,5"	"5,4"	"5,3"	"5,4"			
5	8	"5,0"	"15,26"	"10,93"	"15,72"	"15,67"	"15,62"	"15,57"	"15,36"	"15,38"	"15,32"	"5,8"	"5,7"	"5,6"	"5,5"	"5,4"	"5,4"			
5	9	"5,0"	"15,32"	"10,98"	"15,93"	"15,72"	"15,67"	"15,62"	"15,57"	"15,44"	"15,38"	"5,9"	"5,8"	"5,7"	"5,6"	"5,5"	"5,8"			
5	10	"5,0"	"15,38"	"10,103"	"15,98"	"15,93"	"15,72"	"15,67"	"15,62"	"15,70"	"15,44"	"5,10"	"5,9"	"5,8"	"5,7"	"5,6"	"5,8"			
5	11	"5,0"	"15,44"	"10,108"	"15,103"	"15,98"	"15,93"	"15,72"	"15,67"	"15,76"	"15,70"	"5,11"	"5,10"	"5,9"	"5,8"	"5,7"	"5,8"			
5	12	"5,0"	"15,70"	"10,129"	"15,108"	"15,103"	"15,98"	"15,93"	"15,72"	"15,82"	"15,76"	"5,12"	"5,11"	"5,10"	"5,9"	"5,8"	"5,8"			
5	13	"5,0"	"15,76"	"10,134"	"15,129"	"15,108"	"15,103"	"15,98"	"15,93"	"15,88"	"15,82"	"5,13"	"5,12"	"5,11"	"5,10"	"5,9"	"5,12"			
5	14	"5,0"	"15,82"	"10,139"	"15,134"	"15,129"	"15,108"	"15,103"	"15,98"	"15,114"	"15,88"	"5,14"	"5,13"	"5,12"	"5,11"	"5,10"	"5,12"			
5	15	"5,0"	"15,88"	"10,144"	"15,139"	"15,134"	"15,129"	"15,108"	"15,103"	"15,120"	"15,114"	"5,15"	"5,14"	"5,13"	"5,12"	"5,11"	"5,12"			
5	16	"5,0"	"15,114"	I	"15,144"	"15,139"	"15,134"	"15,129"	"15,108"	"15,126"	"15,120"	"5,16"	"5,15"	"5,14"	"5,13"	"5,12"	"5,12"			
6	0	I	"15,120"	I	I	"15,144"	"15,139"	"15,134"	"15,129"	"15,132"	"15,126"	I	"5,16"	"5,15"	"5,14"	"5,13"	"5,16"			
6	1	I	"15,126"	I	I	I	"15,144"	"15,139"	"15,134"	"15,158"	"15,132"	I	I	"5,16"	"5,15"	"5,14"	"5,16"			
6	2	I	"15,132"	I	I	I	I	"15,144"	"15,139"	"15,164"	"15,158"	I	I	I	"5,16"	"5,15"	"5,16"			
6	3	I	"15,158"	I	I	I	I	I	"15,144"	"15,170"	"15,164"	I	I	I	I	"5,16"	"5,16"			
6	4	I	"15,164"	I	I	I	I	I	I	"15,176"	"15,170"	I	I	I	I	I	I			
6	5	I	"15,170"	I	I	I	I	I	I	I	"15,176"	I	I	I	I	I	I			
6	6	I	"15,176"	I	I	I	I	I	I	I	I	I	I	I	I	I	I			
																				
																				